class,Number of Stations,Number of Visited Stations,Total Targets,Rebalanced Bikes,Demand Loss,Total Distance,CT,obj
0.0,9,4,54.0,21.000000000000398,8.18685769999987,5.195950798630368,0.0835111141204834,9.289379648630304
